{
  "annotations": {
    "list": [
      {
        "builtIn": 1,
        "datasource": {
          "type": "grafana",
          "uid": "-- Grafana --"
        },
        "enable": true,
        "hide": true,
        "iconColor": "rgba(0, 211, 255, 1)",
        "name": "Annotations & Alerts",
        "type": "dashboard"
      }
    ]
  },
  "editable": true,
  "fiscalYearStartMonth": 0,
  "graphTooltip": 1,
  "id": null,
  "links": [],
  "liveNow": true,
  "panels": [
    {
      "collapsed": false,
      "gridPos": {
        "h": 1,
        "w": 24,
        "x": 0,
        "y": 0
      },
      "id": 1,
      "panels": [],
      "title": "HTTP Metrics - Overall Service Health",
      "type": "row"
    },
    {
      "datasource": {
        "type": "prometheus",
        "uid": "prometheus"
      },
      "description": "Total HTTP requests per second across all domains",
      "fieldConfig": {
        "defaults": {
          "color": {
            "mode": "palette-classic"
          },
          "custom": {
            "axisCenteredZero": false,
            "axisColorMode": "text",
            "axisLabel": "req/s",
            "axisPlacement": "auto",
            "drawStyle": "line",
            "fillOpacity": 20,
            "gradientMode": "none",
            "lineInterpolation": "smooth",
            "lineWidth": 2,
            "pointSize": 5,
            "showPoints": "never",
            "spanNulls": false,
            "stacking": {
              "group": "A",
              "mode": "none"
            }
          },
          "mappings": [],
          "thresholds": {
            "mode": "absolute",
            "steps": [
              {
                "color": "green",
                "value": null
              }
            ]
          },
          "unit": "reqps"
        }
      },
      "gridPos": {
        "h": 8,
        "w": 8,
        "x": 0,
        "y": 1
      },
      "id": 2,
      "options": {
        "legend": {
          "calcs": ["mean", "last"],
          "displayMode": "table",
          "placement": "bottom"
        },
        "tooltip": {
          "mode": "multi",
          "sort": "desc"
        }
      },
      "targets": [
        {
          "datasource": {
            "type": "prometheus",
            "uid": "prometheus"
          },
          "expr": "sum(rate(otel_hangout_requests_total{service_name=\"hangout\"}[1m])) by (domain)",
          "legendFormat": "{{domain}}",
          "refId": "A"
        }
      ],
      "title": "HTTP Request Rate by Domain",
      "type": "timeseries"
    },
    {
      "datasource": {
        "type": "prometheus",
        "uid": "prometheus"
      },
      "description": "HTTP error rate by domain",
      "fieldConfig": {
        "defaults": {
          "color": {
            "mode": "palette-classic"
          },
          "custom": {
            "axisCenteredZero": false,
            "axisColorMode": "text",
            "axisLabel": "errors/s",
            "axisPlacement": "auto",
            "drawStyle": "line",
            "fillOpacity": 20,
            "gradientMode": "none",
            "lineInterpolation": "smooth",
            "lineWidth": 2,
            "pointSize": 5,
            "showPoints": "never",
            "spanNulls": false
          },
          "mappings": [],
          "thresholds": {
            "mode": "absolute",
            "steps": [
              {
                "color": "green",
                "value": null
              },
              {
                "color": "red",
                "value": 1
              }
            ]
          },
          "unit": "reqps"
        }
      },
      "gridPos": {
        "h": 8,
        "w": 8,
        "x": 8,
        "y": 1
      },
      "id": 3,
      "options": {
        "legend": {
          "calcs": ["mean", "last"],
          "displayMode": "table",
          "placement": "bottom"
        },
        "tooltip": {
          "mode": "multi",
          "sort": "desc"
        }
      },
      "targets": [
        {
          "datasource": {
            "type": "prometheus",
            "uid": "prometheus"
          },
          "expr": "sum(rate(otel_hangout_requests_total{service_name=\"hangout\",status=\"error\"}[1m])) by (domain)",
          "legendFormat": "{{domain}}",
          "refId": "A"
        }
      ],
      "title": "HTTP Error Rate by Domain",
      "type": "timeseries"
    },
    {
      "datasource": {
        "type": "prometheus",
        "uid": "prometheus"
      },
      "description": "Active HTTP requests in progress",
      "fieldConfig": {
        "defaults": {
          "color": {
            "mode": "palette-classic"
          },
          "custom": {
            "axisCenteredZero": false,
            "axisColorMode": "text",
            "axisLabel": "active",
            "axisPlacement": "auto",
            "drawStyle": "line",
            "fillOpacity": 20,
            "gradientMode": "none",
            "lineInterpolation": "smooth",
            "lineWidth": 2,
            "pointSize": 5,
            "showPoints": "never",
            "spanNulls": false
          },
          "mappings": [],
          "thresholds": {
            "mode": "absolute",
            "steps": [
              {
                "color": "green",
                "value": null
              }
            ]
          },
          "unit": "short"
        }
      },
      "gridPos": {
        "h": 8,
        "w": 8,
        "x": 16,
        "y": 1
      },
      "id": 4,
      "options": {
        "legend": {
          "calcs": ["mean", "last", "max"],
          "displayMode": "table",
          "placement": "bottom"
        },
        "tooltip": {
          "mode": "multi",
          "sort": "desc"
        }
      },
      "targets": [
        {
          "datasource": {
            "type": "prometheus",
            "uid": "prometheus"
          },
          "expr": "otel_hangout_requests_active{service_name=\"hangout\"}",
          "legendFormat": "{{domain}}.{{operation}}",
          "refId": "A"
        }
      ],
      "title": "Active HTTP Requests",
      "type": "timeseries"
    },
    {
      "datasource": {
        "type": "prometheus",
        "uid": "prometheus"
      },
      "description": "HTTP request duration percentiles (P50, P95, P99)",
      "fieldConfig": {
        "defaults": {
          "color": {
            "mode": "palette-classic"
          },
          "custom": {
            "axisCenteredZero": false,
            "axisColorMode": "text",
            "axisLabel": "duration",
            "axisPlacement": "auto",
            "drawStyle": "line",
            "fillOpacity": 10,
            "gradientMode": "none",
            "lineInterpolation": "smooth",
            "lineWidth": 2,
            "pointSize": 5,
            "showPoints": "never",
            "spanNulls": false
          },
          "mappings": [],
          "thresholds": {
            "mode": "absolute",
            "steps": [
              {
                "color": "green",
                "value": null
              }
            ]
          },
          "unit": "s"
        }
      },
      "gridPos": {
        "h": 8,
        "w": 24,
        "x": 0,
        "y": 9
      },
      "id": 5,
      "options": {
        "legend": {
          "calcs": ["mean", "max"],
          "displayMode": "table",
          "placement": "right"
        },
        "tooltip": {
          "mode": "multi",
          "sort": "desc"
        }
      },
      "targets": [
        {
          "datasource": {
            "type": "prometheus",
            "uid": "prometheus"
          },
          "expr": "histogram_quantile(0.50, sum(rate(otel_hangout_request_duration_seconds_bucket{service_name=\"hangout\"}[5m])) by (domain, le))",
          "legendFormat": "P50 - {{domain}}",
          "refId": "A"
        },
        {
          "datasource": {
            "type": "prometheus",
            "uid": "prometheus"
          },
          "expr": "histogram_quantile(0.95, sum(rate(otel_hangout_request_duration_seconds_bucket{service_name=\"hangout\"}[5m])) by (domain, le))",
          "legendFormat": "P95 - {{domain}}",
          "refId": "B"
        },
        {
          "datasource": {
            "type": "prometheus",
            "uid": "prometheus"
          },
          "expr": "histogram_quantile(0.99, sum(rate(otel_hangout_request_duration_seconds_bucket{service_name=\"hangout\"}[5m])) by (domain, le))",
          "legendFormat": "P99 - {{domain}}",
          "refId": "C"
        }
      ],
      "title": "HTTP Request Duration (Percentiles)",
      "type": "timeseries"
    },
    {
      "collapsed": false,
      "gridPos": {
        "h": 1,
        "w": 24,
        "x": 0,
        "y": 17
      },
      "id": 10,
      "panels": [],
      "title": "Auth Domain",
      "type": "row"
    },
    {
      "datasource": {
        "type": "prometheus",
        "uid": "prometheus"
      },
      "description": "Auth operations rate (signup, signin)",
      "fieldConfig": {
        "defaults": {
          "color": {
            "mode": "palette-classic"
          },
          "custom": {
            "axisCenteredZero": false,
            "axisColorMode": "text",
            "axisLabel": "ops/s",
            "axisPlacement": "auto",
            "drawStyle": "line",
            "fillOpacity": 20,
            "gradientMode": "none",
            "lineInterpolation": "smooth",
            "lineWidth": 2,
            "pointSize": 5,
            "showPoints": "never",
            "spanNulls": false
          },
          "mappings": [],
          "unit": "reqps"
        }
      },
      "gridPos": {
        "h": 8,
        "w": 12,
        "x": 0,
        "y": 18
      },
      "id": 11,
      "options": {
        "legend": {
          "calcs": ["mean", "last"],
          "displayMode": "table",
          "placement": "bottom"
        },
        "tooltip": {
          "mode": "multi"
        }
      },
      "targets": [
        {
          "datasource": {
            "type": "prometheus",
            "uid": "prometheus"
          },
          "expr": "rate(otel_hangout_auth_requests_total{service_name=\"hangout\"}[1m])",
          "legendFormat": "{{operation}} - {{status}}",
          "refId": "A"
        }
      ],
      "title": "Auth Operations Rate",
      "type": "timeseries"
    },
    {
      "datasource": {
        "type": "prometheus",
        "uid": "prometheus"
      },
      "description": "Auth operation duration",
      "fieldConfig": {
        "defaults": {
          "color": {
            "mode": "palette-classic"
          },
          "custom": {
            "axisCenteredZero": false,
            "axisColorMode": "text",
            "axisLabel": "duration",
            "axisPlacement": "auto",
            "drawStyle": "line",
            "fillOpacity": 10,
            "gradientMode": "none",
            "lineInterpolation": "smooth",
            "lineWidth": 2,
            "pointSize": 5,
            "showPoints": "never",
            "spanNulls": false
          },
          "mappings": [],
          "unit": "s"
        }
      },
      "gridPos": {
        "h": 8,
        "w": 12,
        "x": 12,
        "y": 18
      },
      "id": 12,
      "options": {
        "legend": {
          "calcs": ["mean", "max"],
          "displayMode": "table",
          "placement": "bottom"
        },
        "tooltip": {
          "mode": "multi"
        }
      },
      "targets": [
        {
          "datasource": {
            "type": "prometheus",
            "uid": "prometheus"
          },
          "expr": "histogram_quantile(0.95, rate(otel_hangout_auth_duration_seconds_bucket{service_name=\"hangout\"}[5m]))",
          "legendFormat": "P95 - {{operation}}",
          "refId": "A"
        }
      ],
      "title": "Auth Operation Duration (P95)",
      "type": "timeseries"
    },
    {
      "collapsed": false,
      "gridPos": {
        "h": 1,
        "w": 24,
        "x": 0,
        "y": 26
      },
      "id": 20,
      "panels": [],
      "title": "Database Performance",
      "type": "row"
    },
    {
      "datasource": {
        "type": "prometheus",
        "uid": "prometheus"
      },
      "description": "Database operations by table and operation type",
      "fieldConfig": {
        "defaults": {
          "color": {
            "mode": "palette-classic"
          },
          "custom": {
            "axisCenteredZero": false,
            "axisColorMode": "text",
            "axisLabel": "ops/s",
            "axisPlacement": "auto",
            "drawStyle": "line",
            "fillOpacity": 20,
            "gradientMode": "none",
            "lineInterpolation": "smooth",
            "lineWidth": 2,
            "pointSize": 5,
            "showPoints": "never",
            "spanNulls": false
          },
          "mappings": [],
          "unit": "reqps"
        }
      },
      "gridPos": {
        "h": 8,
        "w": 12,
        "x": 0,
        "y": 27
      },
      "id": 21,
      "options": {
        "legend": {
          "calcs": ["mean", "last"],
          "displayMode": "table",
          "placement": "bottom"
        },
        "tooltip": {
          "mode": "multi"
        }
      },
      "targets": [
        {
          "datasource": {
            "type": "prometheus",
            "uid": "prometheus"
          },
          "expr": "rate(otel_hangout_db_operation_duration_seconds_count{service_name=\"hangout\"}[1m])",
          "legendFormat": "{{table}} - {{operation}}",
          "refId": "A"
        }
      ],
      "title": "DB Operations Rate by Table",
      "type": "timeseries"
    },
    {
      "datasource": {
        "type": "prometheus",
        "uid": "prometheus"
      },
      "description": "Database query duration percentiles",
      "fieldConfig": {
        "defaults": {
          "color": {
            "mode": "palette-classic"
          },
          "custom": {
            "axisCenteredZero": false,
            "axisColorMode": "text",
            "axisLabel": "duration",
            "axisPlacement": "auto",
            "drawStyle": "line",
            "fillOpacity": 10,
            "gradientMode": "none",
            "lineInterpolation": "smooth",
            "lineWidth": 2,
            "pointSize": 5,
            "showPoints": "never",
            "spanNulls": false
          },
          "mappings": [],
          "unit": "s"
        }
      },
      "gridPos": {
        "h": 8,
        "w": 12,
        "x": 12,
        "y": 27
      },
      "id": 22,
      "options": {
        "legend": {
          "calcs": ["mean", "max"],
          "displayMode": "table",
          "placement": "bottom"
        },
        "tooltip": {
          "mode": "multi"
        }
      },
      "targets": [
        {
          "datasource": {
            "type": "prometheus",
            "uid": "prometheus"
          },
          "expr": "histogram_quantile(0.50, sum(rate(otel_hangout_db_operation_duration_seconds_bucket{service_name=\"hangout\"}[5m])) by (table, le))",
          "legendFormat": "P50 - {{table}}",
          "refId": "A"
        },
        {
          "datasource": {
            "type": "prometheus",
            "uid": "prometheus"
          },
          "expr": "histogram_quantile(0.95, sum(rate(otel_hangout_db_operation_duration_seconds_bucket{service_name=\"hangout\"}[5m])) by (table, le))",
          "legendFormat": "P95 - {{table}}",
          "refId": "B"
        },
        {
          "datasource": {
            "type": "prometheus",
            "uid": "prometheus"
          },
          "expr": "histogram_quantile(0.99, sum(rate(otel_hangout_db_operation_duration_seconds_bucket{service_name=\"hangout\"}[5m])) by (table, le))",
          "legendFormat": "P99 - {{table}}",
          "refId": "C"
        }
      ],
      "title": "DB Query Duration (Percentiles)",
      "type": "timeseries"
    },
    {
      "datasource": {
        "type": "prometheus",
        "uid": "prometheus"
      },
      "description": "Database batch sizes for bulk operations",
      "fieldConfig": {
        "defaults": {
          "color": {
            "mode": "palette-classic"
          },
          "custom": {
            "axisCenteredZero": false,
            "axisColorMode": "text",
            "axisLabel": "rows",
            "axisPlacement": "auto",
            "drawStyle": "line",
            "fillOpacity": 20,
            "gradientMode": "none",
            "lineInterpolation": "smooth",
            "lineWidth": 2,
            "pointSize": 5,
            "showPoints": "never",
            "spanNulls": false
          },
          "mappings": [],
          "unit": "short"
        }
      },
      "gridPos": {
        "h": 8,
        "w": 24,
        "x": 0,
        "y": 35
      },
      "id": 23,
      "options": {
        "legend": {
          "calcs": ["mean", "max"],
          "displayMode": "table",
          "placement": "right"
        },
        "tooltip": {
          "mode": "multi"
        }
      },
      "targets": [
        {
          "datasource": {
            "type": "prometheus",
            "uid": "prometheus"
          },
          "expr": "histogram_quantile(0.95, rate(otel_hangout_db_batch_size_bucket{service_name=\"hangout\"}[5m]))",
          "legendFormat": "P95 - {{table}}",
          "refId": "A"
        }
      ],
      "title": "DB Batch Sizes (P95)",
      "type": "timeseries"
    },
    {
      "collapsed": false,
      "gridPos": {
        "h": 1,
        "w": 24,
        "x": 0,
        "y": 43
      },
      "id": 40,
      "panels": [],
      "title": "Go Runtime Metrics",
      "type": "row"
    },
    {
      "datasource": {
        "type": "prometheus",
        "uid": "prometheus"
      },
      "description": "Number of goroutines currently running",
      "fieldConfig": {
        "defaults": {
          "color": {
            "mode": "palette-classic"
          },
          "custom": {
            "axisCenteredZero": false,
            "axisColorMode": "text",
            "axisLabel": "goroutines",
            "axisPlacement": "auto",
            "drawStyle": "line",
            "fillOpacity": 20,
            "gradientMode": "none",
            "lineInterpolation": "smooth",
            "lineWidth": 2,
            "pointSize": 5,
            "showPoints": "never",
            "spanNulls": false
          },
          "mappings": [],
          "thresholds": {
            "mode": "absolute",
            "steps": [
              {
                "color": "green",
                "value": null
              },
              {
                "color": "yellow",
                "value": 1000
              },
              {
                "color": "red",
                "value": 5000
              }
            ]
          },
          "unit": "short"
        }
      },
      "gridPos": {
        "h": 8,
        "w": 12,
        "x": 0,
        "y": 44
      },
      "id": 41,
      "options": {
        "legend": {
          "calcs": ["mean", "last", "max"],
          "displayMode": "table",
          "placement": "bottom"
        },
        "tooltip": {
          "mode": "single"
        }
      },
      "targets": [
        {
          "datasource": {
            "type": "prometheus",
            "uid": "prometheus"
          },
          "expr": "otel_go_goroutine_count{service_name=\"hangout\"}",
          "legendFormat": "Goroutines",
          "refId": "A"
        }
      ],
      "title": "Goroutine Count",
      "type": "timeseries"
    },
    {
      "datasource": {
        "type": "prometheus",
        "uid": "prometheus"
      },
      "description": "Go memory usage by type (stack, other) and GC goal",
      "fieldConfig": {
        "defaults": {
          "color": {
            "mode": "palette-classic"
          },
          "custom": {
            "axisCenteredZero": false,
            "axisColorMode": "text",
            "axisLabel": "bytes",
            "axisPlacement": "auto",
            "drawStyle": "line",
            "fillOpacity": 20,
            "gradientMode": "none",
            "lineInterpolation": "smooth",
            "lineWidth": 2,
            "pointSize": 5,
            "showPoints": "never",
            "spanNulls": false
          },
          "mappings": [],
          "unit": "bytes"
        }
      },
      "gridPos": {
        "h": 8,
        "w": 12,
        "x": 12,
        "y": 44
      },
      "id": 42,
      "options": {
        "legend": {
          "calcs": ["mean", "last", "max"],
          "displayMode": "table",
          "placement": "bottom"
        },
        "tooltip": {
          "mode": "multi"
        }
      },
      "targets": [
        {
          "datasource": {
            "type": "prometheus",
            "uid": "prometheus"
          },
          "expr": "otel_go_memory_used_bytes{service_name=\"hangout\",go_memory_type=\"stack\"}",
          "legendFormat": "Stack Memory",
          "refId": "A"
        },
        {
          "datasource": {
            "type": "prometheus",
            "uid": "prometheus"
          },
          "expr": "otel_go_memory_used_bytes{service_name=\"hangout\",go_memory_type=\"other\"}",
          "legendFormat": "Other Memory",
          "refId": "B"
        },
        {
          "datasource": {
            "type": "prometheus",
            "uid": "prometheus"
          },
          "expr": "otel_go_memory_gc_goal_bytes{service_name=\"hangout\"}",
          "legendFormat": "GC Goal",
          "refId": "C"
        }
      ],
      "title": "Memory Usage (Heap)",
      "type": "timeseries"
    },
    {
      "datasource": {
        "type": "prometheus",
        "uid": "prometheus"
      },
      "description": "Garbage collection configuration (GOGC percentage)",
      "fieldConfig": {
        "defaults": {
          "color": {
            "mode": "palette-classic"
          },
          "custom": {
            "axisCenteredZero": false,
            "axisColorMode": "text",
            "axisLabel": "percent",
            "axisPlacement": "auto",
            "drawStyle": "line",
            "fillOpacity": 10,
            "gradientMode": "none",
            "lineInterpolation": "smooth",
            "lineWidth": 2,
            "pointSize": 5,
            "showPoints": "never",
            "spanNulls": false
          },
          "mappings": [],
          "unit": "percent"
        }
      },
      "gridPos": {
        "h": 8,
        "w": 12,
        "x": 0,
        "y": 52
      },
      "id": 43,
      "options": {
        "legend": {
          "calcs": ["mean", "last"],
          "displayMode": "table",
          "placement": "bottom"
        },
        "tooltip": {
          "mode": "single"
        }
      },
      "targets": [
        {
          "datasource": {
            "type": "prometheus",
            "uid": "prometheus"
          },
          "expr": "otel_go_config_gogc_percent{service_name=\"hangout\"}",
          "legendFormat": "GOGC Percent",
          "refId": "A"
        }
      ],
      "title": "GC Configuration",
      "type": "timeseries"
    },
    {
      "datasource": {
        "type": "prometheus",
        "uid": "prometheus"
      },
      "description": "Total memory allocated and number of memory allocations",
      "fieldConfig": {
        "defaults": {
          "color": {
            "mode": "palette-classic"
          },
          "custom": {
            "axisCenteredZero": false,
            "axisColorMode": "text",
            "axisLabel": "bytes/s",
            "axisPlacement": "auto",
            "drawStyle": "line",
            "fillOpacity": 20,
            "gradientMode": "none",
            "lineInterpolation": "smooth",
            "lineWidth": 2,
            "pointSize": 5,
            "showPoints": "never",
            "spanNulls": false
          },
          "mappings": [],
          "unit": "Bps"
        }
      },
      "gridPos": {
        "h": 8,
        "w": 12,
        "x": 12,
        "y": 52
      },
      "id": 44,
      "options": {
        "legend": {
          "calcs": ["mean", "last"],
          "displayMode": "table",
          "placement": "bottom"
        },
        "tooltip": {
          "mode": "single"
        }
      },
      "targets": [
        {
          "datasource": {
            "type": "prometheus",
            "uid": "prometheus"
          },
          "expr": "rate(otel_go_memory_allocated_bytes_total{service_name=\"hangout\"}[1m])",
          "legendFormat": "Allocation Rate",
          "refId": "A"
        },
        {
          "datasource": {
            "type": "prometheus",
            "uid": "prometheus"
          },
          "expr": "rate(otel_go_memory_allocations_total{service_name=\"hangout\"}[1m])",
          "legendFormat": "Allocation Count Rate",
          "refId": "B"
        }
      ],
      "title": "Memory Allocation Rate",
      "type": "timeseries"
    },
    {
      "collapsed": false,
      "gridPos": {
        "h": 1,
        "w": 24,
        "x": 0,
        "y": 60
      },
      "id": 50,
      "panels": [],
      "title": "Database Connection Pool",
      "type": "row"
    },
    {
      "datasource": {
        "type": "prometheus",
        "uid": "prometheus"
      },
      "description": "Database connection pool status",
      "fieldConfig": {
        "defaults": {
          "color": {
            "mode": "palette-classic"
          },
          "custom": {
            "axisCenteredZero": false,
            "axisColorMode": "text",
            "axisLabel": "connections",
            "axisPlacement": "auto",
            "drawStyle": "line",
            "fillOpacity": 20,
            "gradientMode": "none",
            "lineInterpolation": "smooth",
            "lineWidth": 2,
            "pointSize": 5,
            "showPoints": "never",
            "spanNulls": false
          },
          "mappings": [],
          "unit": "short"
        }
      },
      "gridPos": {
        "h": 8,
        "w": 12,
        "x": 0,
        "y": 61
      },
      "id": 51,
      "options": {
        "legend": {
          "calcs": ["mean", "last", "max"],
          "displayMode": "table",
          "placement": "bottom"
        },
        "tooltip": {
          "mode": "multi"
        }
      },
      "targets": [
        {
          "datasource": {
            "type": "prometheus",
            "uid": "prometheus"
          },
          "expr": "otel_go_sql_connections_open{service_name=\"hangout\"}",
          "legendFormat": "Open Connections",
          "refId": "A"
        },
        {
          "datasource": {
            "type": "prometheus",
            "uid": "prometheus"
          },
          "expr": "otel_go_sql_connections_in_use{service_name=\"hangout\"}",
          "legendFormat": "In Use",
          "refId": "B"
        },
        {
          "datasource": {
            "type": "prometheus",
            "uid": "prometheus"
          },
          "expr": "otel_go_sql_connections_idle{service_name=\"hangout\"}",
          "legendFormat": "Idle",
          "refId": "C"
        },
        {
          "datasource": {
            "type": "prometheus",
            "uid": "prometheus"
          },
          "expr": "otel_go_sql_connections_max_open{service_name=\"hangout\"}",
          "legendFormat": "Max Open",
          "refId": "D"
        }
      ],
      "title": "SQL Connection Pool Status",
      "type": "timeseries"
    },
    {
      "datasource": {
        "type": "prometheus",
        "uid": "prometheus"
      },
      "description": "Database connection pool efficiency metrics",
      "fieldConfig": {
        "defaults": {
          "color": {
            "mode": "palette-classic"
          },
          "custom": {
            "axisCenteredZero": false,
            "axisColorMode": "text",
            "axisLabel": "count/s",
            "axisPlacement": "auto",
            "drawStyle": "line",
            "fillOpacity": 20,
            "gradientMode": "none",
            "lineInterpolation": "smooth",
            "lineWidth": 2,
            "pointSize": 5,
            "showPoints": "never",
            "spanNulls": false
          },
          "mappings": [],
          "unit": "reqps"
        }
      },
      "gridPos": {
        "h": 8,
        "w": 12,
        "x": 12,
        "y": 61
      },
      "id": 52,
      "options": {
        "legend": {
          "calcs": ["mean", "last"],
          "displayMode": "table",
          "placement": "bottom"
        },
        "tooltip": {
          "mode": "multi"
        }
      },
      "targets": [
        {
          "datasource": {
            "type": "prometheus",
            "uid": "prometheus"
          },
          "expr": "rate(otel_go_sql_connections_wait_count_total{service_name=\"hangout\"}[1m])",
          "legendFormat": "Wait Events Rate",
          "refId": "A"
        },
        {
          "datasource": {
            "type": "prometheus",
            "uid": "prometheus"
          },
          "expr": "rate(otel_go_sql_connections_closed_max_idle_total{service_name=\"hangout\"}[1m])",
          "legendFormat": "Closed (Max Idle)",
          "refId": "B"
        },
        {
          "datasource": {
            "type": "prometheus",
            "uid": "prometheus"
          },
          "expr": "rate(otel_go_sql_connections_closed_max_lifetime_total{service_name=\"hangout\"}[1m])",
          "legendFormat": "Closed (Max Lifetime)",
          "refId": "C"
        },
        {
          "datasource": {
            "type": "prometheus",
            "uid": "prometheus"
          },
          "expr": "rate(otel_go_sql_connections_closed_max_idle_time_total{service_name=\"hangout\"}[1m])",
          "legendFormat": "Closed (Max Idle Time)",
          "refId": "D"
        }
      ],
      "title": "SQL Connection Pool Events",
      "type": "timeseries"
    },
    {
      "collapsed": false,
      "gridPos": {
        "h": 1,
        "w": 24,
        "x": 0,
        "y": 69
      },
      "id": 30,
      "panels": [],
      "title": "gRPC Client Metrics (Memory to File Service)",
      "type": "row"
    },
    {
      "datasource": {
        "type": "prometheus",
        "uid": "prometheus"
      },
      "description": "gRPC client request rate to file service",
      "fieldConfig": {
        "defaults": {
          "color": {
            "mode": "palette-classic"
          },
          "custom": {
            "axisCenteredZero": false,
            "axisColorMode": "text",
            "axisLabel": "req/s",
            "axisPlacement": "auto",
            "drawStyle": "line",
            "fillOpacity": 20,
            "gradientMode": "none",
            "lineInterpolation": "smooth",
            "lineWidth": 2,
            "pointSize": 5,
            "showPoints": "never",
            "spanNulls": false
          },
          "mappings": [],
          "unit": "reqps"
        }
      },
      "gridPos": {
        "h": 8,
        "w": 12,
        "x": 0,
        "y": 70
      },
      "id": 31,
      "options": {
        "legend": {
          "calcs": ["mean", "last"],
          "displayMode": "table",
          "placement": "bottom"
        },
        "tooltip": {
          "mode": "multi"
        }
      },
      "targets": [
        {
          "datasource": {
            "type": "prometheus",
            "uid": "prometheus"
          },
          "expr": "rate(otel_hangout_grpc_client_requests_total{service_name=\"hangout\"}[1m])",
          "legendFormat": "{{method}} - {{status}}",
          "refId": "A"
        }
      ],
      "title": "gRPC Client Request Rate",
      "type": "timeseries"
    },
    {
      "datasource": {
        "type": "prometheus",
        "uid": "prometheus"
      },
      "description": "gRPC client call duration to file service",
      "fieldConfig": {
        "defaults": {
          "color": {
            "mode": "palette-classic"
          },
          "custom": {
            "axisCenteredZero": false,
            "axisColorMode": "text",
            "axisLabel": "duration",
            "axisPlacement": "auto",
            "drawStyle": "line",
            "fillOpacity": 10,
            "gradientMode": "none",
            "lineInterpolation": "smooth",
            "lineWidth": 2,
            "pointSize": 5,
            "showPoints": "never",
            "spanNulls": false
          },
          "mappings": [],
          "unit": "s"
        }
      },
      "gridPos": {
        "h": 8,
        "w": 12,
        "x": 12,
        "y": 70
      },
      "id": 32,
      "options": {
        "legend": {
          "calcs": ["mean", "max"],
          "displayMode": "table",
          "placement": "bottom"
        },
        "tooltip": {
          "mode": "multi"
        }
      },
      "targets": [
        {
          "datasource": {
            "type": "prometheus",
            "uid": "prometheus"
          },
          "expr": "histogram_quantile(0.95, rate(otel_hangout_grpc_client_duration_seconds_bucket{service_name=\"hangout\"}[5m]))",
          "legendFormat": "P95 - {{method}}",
          "refId": "A"
        }
      ],
      "title": "gRPC Client Call Duration (P95)",
      "type": "timeseries"
    }
  ],
  "refresh": "10s",
  "schemaVersion": 38,
  "style": "dark",
  "tags": ["hangout-service", "microservices", "rest-api"],
  "templating": {
    "list": []
  },
  "time": {
    "from": "now-1h",
    "to": "now"
  },
  "timepicker": {},
  "timezone": "",
  "title": "Hangout Service Metrics",
  "uid": "hangout-service",
  "version": 1,
  "weekStart": ""
}
