{
    "swagger": "2.0",
    "info": {
        "description": "API documentation for the Hangout Planner service",
        "title": "Hangout Planner API",
        "contact": {},
        "version": "1.0"
    },
    "host": "localhost",
    "basePath": "/rp-api/hangout-service",
    "paths": {
        "/activities/": {
            "get": {
                "security": [
                    {
                        "BearerAuth": []
                    }
                ],
                "description": "Retrieves all activities for the authenticated user.",
                "produces": [
                    "application/json"
                ],
                "tags": [
                    "Activities"
                ],
                "summary": "Get All Activities",
                "responses": {
                    "200": {
                        "description": "Activities fetched successfully",
                        "schema": {
                            "allOf": [
                                {
                                    "$ref": "#/definitions/response.StandardResponse"
                                },
                                {
                                    "type": "object",
                                    "properties": {
                                        "data": {
                                            "type": "array",
                                            "items": {
                                                "$ref": "#/definitions/dto.ActivityListItemResponse"
                                            }
                                        }
                                    }
                                }
                            ]
                        }
                    },
                    "401": {
                        "description": "Unauthorized",
                        "schema": {
                            "$ref": "#/definitions/response.StandardResponse"
                        }
                    },
                    "500": {
                        "description": "Internal server error",
                        "schema": {
                            "$ref": "#/definitions/response.StandardResponse"
                        }
                    }
                }
            },
            "post": {
                "security": [
                    {
                        "BearerAuth": []
                    }
                ],
                "description": "Creates a new activity for the authenticated user.",
                "consumes": [
                    "application/json"
                ],
                "produces": [
                    "application/json"
                ],
                "tags": [
                    "Activities"
                ],
                "summary": "Create Activity",
                "parameters": [
                    {
                        "description": "Activity creation data",
                        "name": "activity",
                        "in": "body",
                        "required": true,
                        "schema": {
                            "$ref": "#/definitions/dto.CreateActivityRequest"
                        }
                    }
                ],
                "responses": {
                    "201": {
                        "description": "Activity created successfully",
                        "schema": {
                            "allOf": [
                                {
                                    "$ref": "#/definitions/response.StandardResponse"
                                },
                                {
                                    "type": "object",
                                    "properties": {
                                        "data": {
                                            "$ref": "#/definitions/dto.ActivityDetailResponse"
                                        }
                                    }
                                }
                            ]
                        }
                    },
                    "400": {
                        "description": "Invalid request payload",
                        "schema": {
                            "$ref": "#/definitions/response.StandardResponse"
                        }
                    },
                    "401": {
                        "description": "Unauthorized",
                        "schema": {
                            "$ref": "#/definitions/response.StandardResponse"
                        }
                    },
                    "500": {
                        "description": "Internal server error",
                        "schema": {
                            "$ref": "#/definitions/response.StandardResponse"
                        }
                    }
                }
            }
        },
        "/activities/{activity_id}": {
            "get": {
                "security": [
                    {
                        "BearerAuth": []
                    }
                ],
                "description": "Retrieves an activity by its ID for the authenticated user.",
                "produces": [
                    "application/json"
                ],
                "tags": [
                    "Activities"
                ],
                "summary": "Get Activity by ID",
                "parameters": [
                    {
                        "type": "string",
                        "description": "Activity ID",
                        "name": "activity_id",
                        "in": "path",
                        "required": true
                    }
                ],
                "responses": {
                    "200": {
                        "description": "Activity fetched successfully",
                        "schema": {
                            "allOf": [
                                {
                                    "$ref": "#/definitions/response.StandardResponse"
                                },
                                {
                                    "type": "object",
                                    "properties": {
                                        "data": {
                                            "$ref": "#/definitions/dto.ActivityDetailResponse"
                                        }
                                    }
                                }
                            ]
                        }
                    },
                    "400": {
                        "description": "Invalid activity ID",
                        "schema": {
                            "$ref": "#/definitions/response.StandardResponse"
                        }
                    },
                    "401": {
                        "description": "Unauthorized",
                        "schema": {
                            "$ref": "#/definitions/response.StandardResponse"
                        }
                    },
                    "500": {
                        "description": "Internal server error",
                        "schema": {
                            "$ref": "#/definitions/response.StandardResponse"
                        }
                    }
                }
            },
            "put": {
                "security": [
                    {
                        "BearerAuth": []
                    }
                ],
                "description": "Updates an existing activity for the authenticated user.",
                "consumes": [
                    "application/json"
                ],
                "produces": [
                    "application/json"
                ],
                "tags": [
                    "Activities"
                ],
                "summary": "Update Activity",
                "parameters": [
                    {
                        "type": "string",
                        "description": "Activity ID",
                        "name": "activity_id",
                        "in": "path",
                        "required": true
                    },
                    {
                        "description": "Activity update data",
                        "name": "activity",
                        "in": "body",
                        "required": true,
                        "schema": {
                            "$ref": "#/definitions/dto.UpdateActivityRequest"
                        }
                    }
                ],
                "responses": {
                    "200": {
                        "description": "Activity updated successfully",
                        "schema": {
                            "allOf": [
                                {
                                    "$ref": "#/definitions/response.StandardResponse"
                                },
                                {
                                    "type": "object",
                                    "properties": {
                                        "data": {
                                            "$ref": "#/definitions/dto.ActivityDetailResponse"
                                        }
                                    }
                                }
                            ]
                        }
                    },
                    "400": {
                        "description": "Invalid request payload",
                        "schema": {
                            "$ref": "#/definitions/response.StandardResponse"
                        }
                    },
                    "401": {
                        "description": "Unauthorized",
                        "schema": {
                            "$ref": "#/definitions/response.StandardResponse"
                        }
                    },
                    "404": {
                        "description": "resource not found",
                        "schema": {
                            "$ref": "#/definitions/response.StandardResponse"
                        }
                    },
                    "500": {
                        "description": "Internal server error",
                        "schema": {
                            "$ref": "#/definitions/response.StandardResponse"
                        }
                    }
                }
            },
            "delete": {
                "security": [
                    {
                        "BearerAuth": []
                    }
                ],
                "description": "Deletes an existing activity for the authenticated user.",
                "produces": [
                    "application/json"
                ],
                "tags": [
                    "Activities"
                ],
                "summary": "Delete Activity",
                "parameters": [
                    {
                        "type": "string",
                        "description": "Activity ID",
                        "name": "activity_id",
                        "in": "path",
                        "required": true
                    }
                ],
                "responses": {
                    "200": {
                        "description": "Activity deleted successfully",
                        "schema": {
                            "$ref": "#/definitions/response.StandardResponse"
                        }
                    },
                    "400": {
                        "description": "Invalid activity ID",
                        "schema": {
                            "$ref": "#/definitions/response.StandardResponse"
                        }
                    },
                    "401": {
                        "description": "Unauthorized",
                        "schema": {
                            "$ref": "#/definitions/response.StandardResponse"
                        }
                    },
                    "404": {
                        "description": "resource not found",
                        "schema": {
                            "$ref": "#/definitions/response.StandardResponse"
                        }
                    },
                    "500": {
                        "description": "Internal server error",
                        "schema": {
                            "$ref": "#/definitions/response.StandardResponse"
                        }
                    }
                }
            }
        },
        "/auth/signin": {
            "post": {
                "description": "Authenticate a user and return a JWT token",
                "consumes": [
                    "application/json"
                ],
                "produces": [
                    "application/json"
                ],
                "tags": [
                    "auth"
                ],
                "summary": "Sign in",
                "parameters": [
                    {
                        "description": "User sign in data",
                        "name": "credentials",
                        "in": "body",
                        "required": true,
                        "schema": {
                            "$ref": "#/definitions/dto.SignInRequest"
                        }
                    }
                ],
                "responses": {
                    "200": {
                        "description": "OK",
                        "schema": {
                            "allOf": [
                                {
                                    "$ref": "#/definitions/response.StandardResponse"
                                },
                                {
                                    "type": "object",
                                    "properties": {
                                        "data": {
                                            "$ref": "#/definitions/dto.SignInResponse"
                                        }
                                    }
                                }
                            ]
                        }
                    },
                    "400": {
                        "description": "Bad Request",
                        "schema": {
                            "$ref": "#/definitions/response.StandardResponse"
                        }
                    },
                    "401": {
                        "description": "Unauthorized",
                        "schema": {
                            "$ref": "#/definitions/response.StandardResponse"
                        }
                    },
                    "500": {
                        "description": "Internal Server Error",
                        "schema": {
                            "$ref": "#/definitions/response.StandardResponse"
                        }
                    }
                }
            }
        },
        "/auth/signup": {
            "post": {
                "description": "Register a new user",
                "consumes": [
                    "application/json"
                ],
                "produces": [
                    "application/json"
                ],
                "tags": [
                    "auth"
                ],
                "summary": "Sign up",
                "parameters": [
                    {
                        "description": "User sign up data",
                        "name": "user",
                        "in": "body",
                        "required": true,
                        "schema": {
                            "$ref": "#/definitions/dto.SignUpRequest"
                        }
                    }
                ],
                "responses": {
                    "201": {
                        "description": "Created",
                        "schema": {
                            "allOf": [
                                {
                                    "$ref": "#/definitions/response.StandardResponse"
                                },
                                {
                                    "type": "object",
                                    "properties": {
                                        "data": {
                                            "$ref": "#/definitions/dto.UserResponse"
                                        }
                                    }
                                }
                            ]
                        }
                    },
                    "400": {
                        "description": "Bad Request",
                        "schema": {
                            "$ref": "#/definitions/response.StandardResponse"
                        }
                    },
                    "409": {
                        "description": "Conflict",
                        "schema": {
                            "$ref": "#/definitions/response.StandardResponse"
                        }
                    },
                    "500": {
                        "description": "Internal Server Error",
                        "schema": {
                            "$ref": "#/definitions/response.StandardResponse"
                        }
                    }
                }
            }
        },
        "/hangouts/": {
            "post": {
                "security": [
                    {
                        "BearerAuth": []
                    }
                ],
                "description": "Creates a new hangout for the authenticated user.",
                "consumes": [
                    "application/json"
                ],
                "produces": [
                    "application/json"
                ],
                "tags": [
                    "Hangouts"
                ],
                "summary": "Create Hangout",
                "parameters": [
                    {
                        "description": "Hangout creation data",
                        "name": "hangout",
                        "in": "body",
                        "required": true,
                        "schema": {
                            "$ref": "#/definitions/dto.CreateHangoutRequest"
                        }
                    }
                ],
                "responses": {
                    "201": {
                        "description": "Hangout created successfully",
                        "schema": {
                            "allOf": [
                                {
                                    "$ref": "#/definitions/response.StandardResponse"
                                },
                                {
                                    "type": "object",
                                    "properties": {
                                        "data": {
                                            "$ref": "#/definitions/dto.HangoutDetailResponse"
                                        }
                                    }
                                }
                            ]
                        }
                    },
                    "400": {
                        "description": "Invalid request payload",
                        "schema": {
                            "$ref": "#/definitions/response.StandardResponse"
                        }
                    },
                    "401": {
                        "description": "Unauthorized",
                        "schema": {
                            "$ref": "#/definitions/response.StandardResponse"
                        }
                    },
                    "500": {
                        "description": "Internal server error",
                        "schema": {
                            "$ref": "#/definitions/response.StandardResponse"
                        }
                    }
                }
            }
        },
        "/hangouts/list": {
            "post": {
                "security": [
                    {
                        "BearerAuth": []
                    }
                ],
                "description": "Retrieves hangouts for the authenticated user with cursor-based pagination.",
                "consumes": [
                    "application/json"
                ],
                "produces": [
                    "application/json"
                ],
                "tags": [
                    "Hangouts"
                ],
                "summary": "Get Hangouts by User ID",
                "parameters": [
                    {
                        "description": "Pagination parameters (limit, after_id, sort_by, sort_dir)",
                        "name": "pagination",
                        "in": "body",
                        "required": true,
                        "schema": {
                            "$ref": "#/definitions/dto.CursorPagination"
                        }
                    }
                ],
                "responses": {
                    "200": {
                        "description": "Successfully retrieved hangouts",
                        "schema": {
                            "allOf": [
                                {
                                    "$ref": "#/definitions/response.StandardResponse"
                                },
                                {
                                    "type": "object",
                                    "properties": {
                                        "data": {
                                            "$ref": "#/definitions/dto.PaginatedHangouts"
                                        }
                                    }
                                }
                            ]
                        }
                    },
                    "400": {
                        "description": "Invalid pagination parameters",
                        "schema": {
                            "$ref": "#/definitions/response.StandardResponse"
                        }
                    },
                    "401": {
                        "description": "Unauthorized",
                        "schema": {
                            "$ref": "#/definitions/response.StandardResponse"
                        }
                    },
                    "500": {
                        "description": "Internal server error",
                        "schema": {
                            "$ref": "#/definitions/response.StandardResponse"
                        }
                    }
                }
            }
        },
        "/hangouts/{hangout_id}": {
            "get": {
                "security": [
                    {
                        "BearerAuth": []
                    }
                ],
                "description": "Retrieves a hangout by its ID for the authenticated user.",
                "consumes": [
                    "application/json"
                ],
                "produces": [
                    "application/json"
                ],
                "tags": [
                    "Hangouts"
                ],
                "summary": "Get Hangout by ID",
                "parameters": [
                    {
                        "type": "string",
                        "description": "Hangout ID",
                        "name": "hangout_id",
                        "in": "path",
                        "required": true
                    }
                ],
                "responses": {
                    "200": {
                        "description": "Hangout retrieved successfully",
                        "schema": {
                            "allOf": [
                                {
                                    "$ref": "#/definitions/response.StandardResponse"
                                },
                                {
                                    "type": "object",
                                    "properties": {
                                        "data": {
                                            "$ref": "#/definitions/dto.HangoutDetailResponse"
                                        }
                                    }
                                }
                            ]
                        }
                    },
                    "400": {
                        "description": "Invalid Hangout ID",
                        "schema": {
                            "$ref": "#/definitions/response.StandardResponse"
                        }
                    },
                    "401": {
                        "description": "Unauthorized",
                        "schema": {
                            "$ref": "#/definitions/response.StandardResponse"
                        }
                    },
                    "404": {
                        "description": "resource not found",
                        "schema": {
                            "$ref": "#/definitions/response.StandardResponse"
                        }
                    },
                    "500": {
                        "description": "Internal server error",
                        "schema": {
                            "$ref": "#/definitions/response.StandardResponse"
                        }
                    }
                }
            },
            "put": {
                "security": [
                    {
                        "BearerAuth": []
                    }
                ],
                "description": "Updates an existing hangout for the authenticated user.",
                "consumes": [
                    "application/json"
                ],
                "produces": [
                    "application/json"
                ],
                "tags": [
                    "Hangouts"
                ],
                "summary": "Update Hangout",
                "parameters": [
                    {
                        "type": "string",
                        "description": "Hangout ID",
                        "name": "hangout_id",
                        "in": "path",
                        "required": true
                    },
                    {
                        "description": "Hangout update data",
                        "name": "hangout",
                        "in": "body",
                        "required": true,
                        "schema": {
                            "$ref": "#/definitions/dto.UpdateHangoutRequest"
                        }
                    }
                ],
                "responses": {
                    "200": {
                        "description": "Hangout updated successfully",
                        "schema": {
                            "allOf": [
                                {
                                    "$ref": "#/definitions/response.StandardResponse"
                                },
                                {
                                    "type": "object",
                                    "properties": {
                                        "data": {
                                            "$ref": "#/definitions/dto.HangoutDetailResponse"
                                        }
                                    }
                                }
                            ]
                        }
                    },
                    "400": {
                        "description": "Invalid request payload",
                        "schema": {
                            "$ref": "#/definitions/response.StandardResponse"
                        }
                    },
                    "401": {
                        "description": "Unauthorized",
                        "schema": {
                            "$ref": "#/definitions/response.StandardResponse"
                        }
                    },
                    "404": {
                        "description": "resource not found",
                        "schema": {
                            "$ref": "#/definitions/response.StandardResponse"
                        }
                    },
                    "500": {
                        "description": "Internal server error",
                        "schema": {
                            "$ref": "#/definitions/response.StandardResponse"
                        }
                    }
                }
            },
            "delete": {
                "security": [
                    {
                        "BearerAuth": []
                    }
                ],
                "description": "Deletes a hangout by its ID for the authenticated user.",
                "consumes": [
                    "application/json"
                ],
                "produces": [
                    "application/json"
                ],
                "tags": [
                    "Hangouts"
                ],
                "summary": "Delete Hangout",
                "parameters": [
                    {
                        "type": "string",
                        "description": "Hangout ID",
                        "name": "hangout_id",
                        "in": "path",
                        "required": true
                    }
                ],
                "responses": {
                    "200": {
                        "description": "Hangout deleted successfully",
                        "schema": {
                            "$ref": "#/definitions/response.StandardResponse"
                        }
                    },
                    "400": {
                        "description": "Invalid Hangout ID",
                        "schema": {
                            "$ref": "#/definitions/response.StandardResponse"
                        }
                    },
                    "401": {
                        "description": "Unauthorized",
                        "schema": {
                            "$ref": "#/definitions/response.StandardResponse"
                        }
                    },
                    "404": {
                        "description": "resource not found",
                        "schema": {
                            "$ref": "#/definitions/response.StandardResponse"
                        }
                    },
                    "500": {
                        "description": "Internal server error",
                        "schema": {
                            "$ref": "#/definitions/response.StandardResponse"
                        }
                    }
                }
            }
        },
        "/hangouts/{hangout_id}/memories": {
            "get": {
                "security": [
                    {
                        "BearerAuth": []
                    }
                ],
                "description": "Lists all memories for a hangout with cursor pagination",
                "produces": [
                    "application/json"
                ],
                "tags": [
                    "Memories"
                ],
                "summary": "List Memories",
                "parameters": [
                    {
                        "type": "string",
                        "description": "Hangout ID",
                        "name": "hangout_id",
                        "in": "path",
                        "required": true
                    },
                    {
                        "type": "string",
                        "description": "Cursor for pagination (memory ID)",
                        "name": "after_id",
                        "in": "query"
                    },
                    {
                        "type": "integer",
                        "description": "Limit for pagination",
                        "name": "limit",
                        "in": "query"
                    },
                    {
                        "type": "string",
                        "description": "Sort direction (asc/desc)",
                        "name": "sort_dir",
                        "in": "query"
                    }
                ],
                "responses": {
                    "200": {
                        "description": "Memories retrieved successfully",
                        "schema": {
                            "allOf": [
                                {
                                    "$ref": "#/definitions/response.StandardResponse"
                                },
                                {
                                    "type": "object",
                                    "properties": {
                                        "data": {
                                            "$ref": "#/definitions/dto.PaginatedMemories"
                                        }
                                    }
                                }
                            ]
                        }
                    },
                    "400": {
                        "description": "Invalid hangout ID",
                        "schema": {
                            "$ref": "#/definitions/response.StandardResponse"
                        }
                    },
                    "500": {
                        "description": "Internal server error",
                        "schema": {
                            "$ref": "#/definitions/response.StandardResponse"
                        }
                    }
                }
            }
        },
        "/hangouts/{hangout_id}/memories/confirm-upload": {
            "post": {
                "security": [
                    {
                        "BearerAuth": []
                    }
                ],
                "description": "Confirms that files have been uploaded to S3 and marks them as ready",
                "consumes": [
                    "application/json"
                ],
                "produces": [
                    "application/json"
                ],
                "tags": [
                    "Memories"
                ],
                "summary": "Confirm Upload",
                "parameters": [
                    {
                        "type": "string",
                        "description": "Hangout ID",
                        "name": "hangout_id",
                        "in": "path",
                        "required": true
                    },
                    {
                        "description": "Memory IDs to confirm",
                        "name": "request",
                        "in": "body",
                        "required": true,
                        "schema": {
                            "$ref": "#/definitions/dto.ConfirmUploadRequest"
                        }
                    }
                ],
                "responses": {
                    "200": {
                        "description": "Upload confirmed successfully",
                        "schema": {
                            "$ref": "#/definitions/response.StandardResponse"
                        }
                    },
                    "400": {
                        "description": "Invalid request payload",
                        "schema": {
                            "$ref": "#/definitions/response.StandardResponse"
                        }
                    },
                    "401": {
                        "description": "Unauthorized",
                        "schema": {
                            "$ref": "#/definitions/response.StandardResponse"
                        }
                    },
                    "500": {
                        "description": "Internal server error",
                        "schema": {
                            "$ref": "#/definitions/response.StandardResponse"
                        }
                    }
                }
            }
        },
        "/hangouts/{hangout_id}/memories/upload-urls": {
            "post": {
                "security": [
                    {
                        "BearerAuth": []
                    }
                ],
                "description": "Creates memory records and returns presigned URLs for client-side upload to S3\nhangout_id is taken from the URL path, not the request body",
                "consumes": [
                    "application/json"
                ],
                "produces": [
                    "application/json"
                ],
                "tags": [
                    "Memories"
                ],
                "summary": "Generate Upload URLs",
                "parameters": [
                    {
                        "type": "string",
                        "description": "Hangout ID",
                        "name": "hangout_id",
                        "in": "path",
                        "required": true
                    },
                    {
                        "description": "Files to upload (hangout_id not needed in body)",
                        "name": "request",
                        "in": "body",
                        "required": true,
                        "schema": {
                            "$ref": "#/definitions/dto.GenerateUploadURLsRequest"
                        }
                    }
                ],
                "responses": {
                    "201": {
                        "description": "Upload URLs generated successfully",
                        "schema": {
                            "allOf": [
                                {
                                    "$ref": "#/definitions/response.StandardResponse"
                                },
                                {
                                    "type": "object",
                                    "properties": {
                                        "data": {
                                            "$ref": "#/definitions/dto.MemoryUploadResponse"
                                        }
                                    }
                                }
                            ]
                        }
                    },
                    "400": {
                        "description": "Invalid request payload",
                        "schema": {
                            "$ref": "#/definitions/response.StandardResponse"
                        }
                    },
                    "401": {
                        "description": "Unauthorized",
                        "schema": {
                            "$ref": "#/definitions/response.StandardResponse"
                        }
                    },
                    "404": {
                        "description": "Hangout not found",
                        "schema": {
                            "$ref": "#/definitions/response.StandardResponse"
                        }
                    },
                    "500": {
                        "description": "Internal server error",
                        "schema": {
                            "$ref": "#/definitions/response.StandardResponse"
                        }
                    }
                }
            }
        },
        "/memories/{memory_id}": {
            "get": {
                "security": [
                    {
                        "BearerAuth": []
                    }
                ],
                "description": "Retrieves a single memory by ID",
                "produces": [
                    "application/json"
                ],
                "tags": [
                    "Memories"
                ],
                "summary": "Get Memory",
                "parameters": [
                    {
                        "type": "string",
                        "description": "Memory ID",
                        "name": "memory_id",
                        "in": "path",
                        "required": true
                    }
                ],
                "responses": {
                    "200": {
                        "description": "Memory retrieved successfully",
                        "schema": {
                            "allOf": [
                                {
                                    "$ref": "#/definitions/response.StandardResponse"
                                },
                                {
                                    "type": "object",
                                    "properties": {
                                        "data": {
                                            "$ref": "#/definitions/dto.MemoryResponse"
                                        }
                                    }
                                }
                            ]
                        }
                    },
                    "400": {
                        "description": "Invalid memory ID",
                        "schema": {
                            "$ref": "#/definitions/response.StandardResponse"
                        }
                    },
                    "404": {
                        "description": "Memory not found",
                        "schema": {
                            "$ref": "#/definitions/response.StandardResponse"
                        }
                    },
                    "500": {
                        "description": "Internal server error",
                        "schema": {
                            "$ref": "#/definitions/response.StandardResponse"
                        }
                    }
                }
            },
            "delete": {
                "security": [
                    {
                        "BearerAuth": []
                    }
                ],
                "description": "Deletes a memory and its associated file",
                "produces": [
                    "application/json"
                ],
                "tags": [
                    "Memories"
                ],
                "summary": "Delete Memory",
                "parameters": [
                    {
                        "type": "string",
                        "description": "Memory ID",
                        "name": "memory_id",
                        "in": "path",
                        "required": true
                    }
                ],
                "responses": {
                    "200": {
                        "description": "Memory deleted successfully",
                        "schema": {
                            "$ref": "#/definitions/response.StandardResponse"
                        }
                    },
                    "400": {
                        "description": "Invalid memory ID",
                        "schema": {
                            "$ref": "#/definitions/response.StandardResponse"
                        }
                    },
                    "404": {
                        "description": "Memory not found",
                        "schema": {
                            "$ref": "#/definitions/response.StandardResponse"
                        }
                    },
                    "500": {
                        "description": "Internal server error",
                        "schema": {
                            "$ref": "#/definitions/response.StandardResponse"
                        }
                    }
                }
            }
        }
    },
    "definitions": {
        "dto.ActivityDetailResponse": {
            "type": "object",
            "properties": {
                "created_at": {
                    "type": "string"
                },
                "hangout_count": {
                    "type": "integer"
                },
                "id": {
                    "type": "string"
                },
                "name": {
                    "type": "string"
                }
            }
        },
        "dto.ActivityListItemResponse": {
            "type": "object",
            "properties": {
                "hangout_count": {
                    "type": "integer"
                },
                "id": {
                    "type": "string"
                },
                "name": {
                    "type": "string"
                }
            }
        },
        "dto.ActivityTagResponse": {
            "type": "object",
            "properties": {
                "id": {
                    "type": "string"
                },
                "name": {
                    "type": "string"
                }
            }
        },
        "dto.ConfirmUploadRequest": {
            "type": "object",
            "required": [
                "memory_ids"
            ],
            "properties": {
                "memory_ids": {
                    "type": "array",
                    "items": {
                        "type": "string"
                    }
                }
            }
        },
        "dto.CreateActivityRequest": {
            "type": "object",
            "required": [
                "name"
            ],
            "properties": {
                "name": {
                    "type": "string",
                    "maxLength": 255,
                    "minLength": 1
                }
            }
        },
        "dto.CreateHangoutRequest": {
            "type": "object",
            "required": [
                "date",
                "title"
            ],
            "properties": {
                "activity_ids": {
                    "type": "array",
                    "items": {
                        "type": "string"
                    }
                },
                "date": {
                    "type": "string"
                },
                "description": {
                    "type": "string"
                },
                "status": {
                    "enum": [
                        "PLANNING",
                        "CONFIRMED",
                        "EXECUTED",
                        "CANCELLED"
                    ],
                    "allOf": [
                        {
                            "$ref": "#/definitions/enums.HangoutStatus"
                        }
                    ]
                },
                "title": {
                    "type": "string"
                }
            }
        },
        "dto.CursorPagination": {
            "type": "object",
            "properties": {
                "after_id": {
                    "type": "string"
                },
                "limit": {
                    "type": "integer"
                },
                "sort_by": {
                    "type": "string"
                },
                "sort_dir": {
                    "type": "string"
                }
            }
        },
        "dto.FileUploadIntent": {
            "type": "object",
            "required": [
                "filename",
                "mime_type",
                "size"
            ],
            "properties": {
                "filename": {
                    "type": "string"
                },
                "mime_type": {
                    "type": "string"
                },
                "size": {
                    "type": "integer"
                }
            }
        },
        "dto.GenerateUploadURLsRequest": {
            "type": "object",
            "required": [
                "files"
            ],
            "properties": {
                "files": {
                    "type": "array",
                    "items": {
                        "$ref": "#/definitions/dto.FileUploadIntent"
                    }
                }
            }
        },
        "dto.HangoutDetailResponse": {
            "type": "object",
            "properties": {
                "activities": {
                    "type": "array",
                    "items": {
                        "$ref": "#/definitions/dto.ActivityTagResponse"
                    }
                },
                "created_at": {
                    "type": "string"
                },
                "date": {
                    "type": "string"
                },
                "description": {
                    "type": "string"
                },
                "id": {
                    "type": "string"
                },
                "status": {
                    "$ref": "#/definitions/enums.HangoutStatus"
                },
                "title": {
                    "type": "string"
                }
            }
        },
        "dto.HangoutListItemResponse": {
            "type": "object",
            "properties": {
                "created_at": {
                    "type": "string"
                },
                "date": {
                    "type": "string"
                },
                "id": {
                    "type": "string"
                },
                "status": {
                    "$ref": "#/definitions/enums.HangoutStatus"
                },
                "title": {
                    "type": "string"
                }
            }
        },
        "dto.MemoryResponse": {
            "type": "object",
            "properties": {
                "created_at": {
                    "type": "string"
                },
                "file_size": {
                    "type": "integer"
                },
                "file_url": {
                    "type": "string"
                },
                "hangout_id": {
                    "type": "string"
                },
                "id": {
                    "type": "string"
                },
                "mime_type": {
                    "type": "string"
                },
                "name": {
                    "type": "string"
                }
            }
        },
        "dto.MemoryUploadResponse": {
            "type": "object",
            "properties": {
                "upload_urls": {
                    "type": "array",
                    "items": {
                        "$ref": "#/definitions/dto.PresignedUploadURL"
                    }
                }
            }
        },
        "dto.PaginatedHangouts": {
            "type": "object",
            "properties": {
                "data": {
                    "type": "array",
                    "items": {
                        "$ref": "#/definitions/dto.HangoutListItemResponse"
                    }
                },
                "has_more": {
                    "type": "boolean"
                },
                "next_cursor": {
                    "type": "string"
                }
            }
        },
        "dto.PaginatedMemories": {
            "type": "object",
            "properties": {
                "data": {
                    "type": "array",
                    "items": {
                        "$ref": "#/definitions/dto.MemoryResponse"
                    }
                },
                "has_more": {
                    "type": "boolean"
                },
                "next_cursor": {
                    "type": "string"
                }
            }
        },
        "dto.PresignedUploadURL": {
            "type": "object",
            "properties": {
                "expires_at": {
                    "type": "integer"
                },
                "memory_id": {
                    "type": "string"
                },
                "upload_url": {
                    "type": "string"
                }
            }
        },
        "dto.SignInRequest": {
            "type": "object",
            "required": [
                "email",
                "password"
            ],
            "properties": {
                "email": {
                    "type": "string"
                },
                "password": {
                    "type": "string"
                }
            }
        },
        "dto.SignInResponse": {
            "type": "object",
            "properties": {
                "token": {
                    "type": "string"
                }
            }
        },
        "dto.SignUpRequest": {
            "type": "object",
            "required": [
                "email",
                "name",
                "password"
            ],
            "properties": {
                "email": {
                    "type": "string"
                },
                "name": {
                    "type": "string"
                },
                "password": {
                    "type": "string"
                }
            }
        },
        "dto.UpdateActivityRequest": {
            "type": "object",
            "required": [
                "name"
            ],
            "properties": {
                "name": {
                    "type": "string",
                    "maxLength": 255,
                    "minLength": 1
                }
            }
        },
        "dto.UpdateHangoutRequest": {
            "type": "object",
            "required": [
                "date",
                "status",
                "title"
            ],
            "properties": {
                "activities": {
                    "type": "array",
                    "items": {
                        "type": "string"
                    }
                },
                "date": {
                    "type": "string"
                },
                "description": {
                    "type": "string"
                },
                "status": {
                    "enum": [
                        "PLANNING",
                        "CONFIRMED",
                        "EXECUTED",
                        "CANCELLED"
                    ],
                    "allOf": [
                        {
                            "$ref": "#/definitions/enums.HangoutStatus"
                        }
                    ]
                },
                "title": {
                    "type": "string"
                }
            }
        },
        "dto.UserResponse": {
            "type": "object",
            "properties": {
                "email": {
                    "type": "string"
                },
                "id": {
                    "type": "string"
                },
                "name": {
                    "type": "string"
                }
            }
        },
        "enums.HangoutStatus": {
            "type": "string",
            "enum": [
                "PLANNING",
                "CONFIRMED",
                "EXECUTED",
                "CANCELLED"
            ],
            "x-enum-varnames": [
                "StatusPlanning",
                "StatusConfirmed",
                "StatusExecuted",
                "StatusCancelled"
            ]
        },
        "response.StandardResponse": {
            "type": "object",
            "properties": {
                "data": {},
                "message": {
                    "type": "string"
                },
                "status": {
                    "type": "string"
                }
            }
        }
    },
    "securityDefinitions": {
        "BearerAuth": {
            "description": "Type \"Bearer\" followed by a space and a JWT.",
            "type": "apiKey",
            "name": "Authorization",
            "in": "header"
        }
    }
}